"iconicity_condition","adverb_type","polarity","observations","participants","mean_rating","sd_rating","se_rating","median_rating","q1_rating","q3_rating"
"ideophone","manner","affirmative",114,114,95.719298245614,17.1456585345337,1.60583805136689,100,0,0
"ideophone","manner","affirmative",114,114,95.719298245614,17.1456585345337,1.60583805136689,100,100,100
"ideophone","manner","affirmative",114,114,95.719298245614,17.1456585345337,1.60583805136689,100,100,100
"ideophone","manner","affirmative",114,114,95.719298245614,17.1456585345337,1.60583805136689,100,100,100
"ideophone","manner","affirmative",114,114,95.719298245614,17.1456585345337,1.60583805136689,100,100,100
"ideophone","manner","negative",114,114,56.6842105263158,38.3591125861609,3.5926600593063,62,0,0
"ideophone","manner","negative",114,114,56.6842105263158,38.3591125861609,3.5926600593063,62,20.5,20.5
"ideophone","manner","negative",114,114,56.6842105263158,38.3591125861609,3.5926600593063,62,62,62
"ideophone","manner","negative",114,114,56.6842105263158,38.3591125861609,3.5926600593063,62,94.25,94.25
"ideophone","manner","negative",114,114,56.6842105263158,38.3591125861609,3.5926600593063,62,100,100
"ideophone","converbial","affirmative",114,114,88.7894736842105,21.5046706942339,2.01409694549561,100,0,0
"ideophone","converbial","affirmative",114,114,88.7894736842105,21.5046706942339,2.01409694549561,100,82,82
"ideophone","converbial","affirmative",114,114,88.7894736842105,21.5046706942339,2.01409694549561,100,100,100
"ideophone","converbial","affirmative",114,114,88.7894736842105,21.5046706942339,2.01409694549561,100,100,100
"ideophone","converbial","affirmative",114,114,88.7894736842105,21.5046706942339,2.01409694549561,100,100,100
"ideophone","converbial","negative",114,114,51.2982456140351,38.7871271923166,3.63274730003382,57.5,0,0
"ideophone","converbial","negative",114,114,51.2982456140351,38.7871271923166,3.63274730003382,57.5,12,12
"ideophone","converbial","negative",114,114,51.2982456140351,38.7871271923166,3.63274730003382,57.5,57.5,57.5
"ideophone","converbial","negative",114,114,51.2982456140351,38.7871271923166,3.63274730003382,57.5,90,90
"ideophone","converbial","negative",114,114,51.2982456140351,38.7871271923166,3.63274730003382,57.5,100,100
"ideophone","reduplication","affirmative",114,114,92.2631578947368,17.7997974690571,1.66710377585466,100,0,0
"ideophone","reduplication","affirmative",114,114,92.2631578947368,17.7997974690571,1.66710377585466,100,97.25,97.25
"ideophone","reduplication","affirmative",114,114,92.2631578947368,17.7997974690571,1.66710377585466,100,100,100
"ideophone","reduplication","affirmative",114,114,92.2631578947368,17.7997974690571,1.66710377585466,100,100,100
"ideophone","reduplication","affirmative",114,114,92.2631578947368,17.7997974690571,1.66710377585466,100,100,100
"ideophone","reduplication","negative",114,114,55.4561403508772,36.9817320008871,3.46365654797476,60,0,0
"ideophone","reduplication","negative",114,114,55.4561403508772,36.9817320008871,3.46365654797476,60,20,20
"ideophone","reduplication","negative",114,114,55.4561403508772,36.9817320008871,3.46365654797476,60,60,60
"ideophone","reduplication","negative",114,114,55.4561403508772,36.9817320008871,3.46365654797476,60,90.75,90.75
"ideophone","reduplication","negative",114,114,55.4561403508772,36.9817320008871,3.46365654797476,60,100,100
"ideophone","temporal","affirmative",114,114,95.0614035087719,16.3930079459859,1.53534586513563,100,0,0
"ideophone","temporal","affirmative",114,114,95.0614035087719,16.3930079459859,1.53534586513563,100,100,100
"ideophone","temporal","affirmative",114,114,95.0614035087719,16.3930079459859,1.53534586513563,100,100,100
"ideophone","temporal","affirmative",114,114,95.0614035087719,16.3930079459859,1.53534586513563,100,100,100
"ideophone","temporal","affirmative",114,114,95.0614035087719,16.3930079459859,1.53534586513563,100,100,100
"ideophone","temporal","negative",114,114,70.0526315789474,34.3263468833874,3.21495694544121,85,0,0
"ideophone","temporal","negative",114,114,70.0526315789474,34.3263468833874,3.21495694544121,85,40,40
"ideophone","temporal","negative",114,114,70.0526315789474,34.3263468833874,3.21495694544121,85,85,85
"ideophone","temporal","negative",114,114,70.0526315789474,34.3263468833874,3.21495694544121,85,100,100
"ideophone","temporal","negative",114,114,70.0526315789474,34.3263468833874,3.21495694544121,85,100,100
"nonideophone","manner","affirmative",114,114,95.859649122807,11.1719284690023,1.04634696920731,100,29,29
"nonideophone","manner","affirmative",114,114,95.859649122807,11.1719284690023,1.04634696920731,100,100,100
"nonideophone","manner","affirmative",114,114,95.859649122807,11.1719284690023,1.04634696920731,100,100,100
"nonideophone","manner","affirmative",114,114,95.859649122807,11.1719284690023,1.04634696920731,100,100,100
"nonideophone","manner","affirmative",114,114,95.859649122807,11.1719284690023,1.04634696920731,100,100,100
"nonideophone","manner","negative",114,114,55.7368421052632,36.4648097137716,3.41524233999448,62,0,0
"nonideophone","manner","negative",114,114,55.7368421052632,36.4648097137716,3.41524233999448,62,20.5,20.5
"nonideophone","manner","negative",114,114,55.7368421052632,36.4648097137716,3.41524233999448,62,62,62
"nonideophone","manner","negative",114,114,55.7368421052632,36.4648097137716,3.41524233999448,62,90.75,90.75
"nonideophone","manner","negative",114,114,55.7368421052632,36.4648097137716,3.41524233999448,62,100,100
"nonideophone","converbial","affirmative",114,114,92.7982456140351,20.6252615213503,1.93173273010586,100,0,0
"nonideophone","converbial","affirmative",114,114,92.7982456140351,20.6252615213503,1.93173273010586,100,100,100
"nonideophone","converbial","affirmative",114,114,92.7982456140351,20.6252615213503,1.93173273010586,100,100,100
"nonideophone","converbial","affirmative",114,114,92.7982456140351,20.6252615213503,1.93173273010586,100,100,100
"nonideophone","converbial","affirmative",114,114,92.7982456140351,20.6252615213503,1.93173273010586,100,100,100
"nonideophone","converbial","negative",114,114,55.0964912280702,37.3955108985982,3.50241049244757,62.5,0,0
"nonideophone","converbial","negative",114,114,55.0964912280702,37.3955108985982,3.50241049244757,62.5,20,20
"nonideophone","converbial","negative",114,114,55.0964912280702,37.3955108985982,3.50241049244757,62.5,62.5,62.5
"nonideophone","converbial","negative",114,114,55.0964912280702,37.3955108985982,3.50241049244757,62.5,90,90
"nonideophone","converbial","negative",114,114,55.0964912280702,37.3955108985982,3.50241049244757,62.5,100,100
"nonideophone","reduplication","affirmative",114,114,89.3684210526316,23.134184627296,2.16671490844368,100,0,0
"nonideophone","reduplication","affirmative",114,114,89.3684210526316,23.134184627296,2.16671490844368,100,90,90
"nonideophone","reduplication","affirmative",114,114,89.3684210526316,23.134184627296,2.16671490844368,100,100,100
"nonideophone","reduplication","affirmative",114,114,89.3684210526316,23.134184627296,2.16671490844368,100,100,100
"nonideophone","reduplication","affirmative",114,114,89.3684210526316,23.134184627296,2.16671490844368,100,100,100
"nonideophone","reduplication","negative",114,114,53.2456140350877,37.203235515281,3.48440225285443,59.5,0,0
"nonideophone","reduplication","negative",114,114,53.2456140350877,37.203235515281,3.48440225285443,59.5,19.25,19.25
"nonideophone","reduplication","negative",114,114,53.2456140350877,37.203235515281,3.48440225285443,59.5,59.5,59.5
"nonideophone","reduplication","negative",114,114,53.2456140350877,37.203235515281,3.48440225285443,59.5,90,90
"nonideophone","reduplication","negative",114,114,53.2456140350877,37.203235515281,3.48440225285443,59.5,100,100
"nonideophone","temporal","affirmative",114,114,89.9824561403509,24.6026771894329,2.30425183825474,100,0,0
"nonideophone","temporal","affirmative",114,114,89.9824561403509,24.6026771894329,2.30425183825474,100,96.5,96.5
"nonideophone","temporal","affirmative",114,114,89.9824561403509,24.6026771894329,2.30425183825474,100,100,100
"nonideophone","temporal","affirmative",114,114,89.9824561403509,24.6026771894329,2.30425183825474,100,100,100
"nonideophone","temporal","affirmative",114,114,89.9824561403509,24.6026771894329,2.30425183825474,100,100,100
"nonideophone","temporal","negative",114,114,68.421052631579,36.958693694314,3.46149881286883,85,0,0
"nonideophone","temporal","negative",114,114,68.421052631579,36.958693694314,3.46149881286883,85,35.25,35.25
"nonideophone","temporal","negative",114,114,68.421052631579,36.958693694314,3.46149881286883,85,85,85
"nonideophone","temporal","negative",114,114,68.421052631579,36.958693694314,3.46149881286883,85,100,100
"nonideophone","temporal","negative",114,114,68.421052631579,36.958693694314,3.46149881286883,85,100,100
